id,isbn,title,author,published_year
1402320286994,978-0-7296-5551-4,American article along,Aaron Powell,2015
9900478538573,978-0-09-075873-9,Individual study page,Kristen Hanson,1913
6646899713856,978-1-79111-396-4,Bit of station woman,Stephanie Jackson,1900
7658788405864,978-1-929132-20-1,College southern lawyer,Alisha Taylor,1940
9431442874583,978-0-428-66422-0,Respond they create,George Kramer,1981
7762468959520,978-0-474-82381-7,Fine act war,Nathan Diaz,2008
9453763013687,978-0-942506-17-4,Recent service lead,Justin Carter,1977
3206708484556,978-0-474-21626-8,Early partner PM total,Eric Jones,2010
5532060782909,978-1-4447-3674-8,One such believe,Kenneth Hughes,2014
2064939388422,978-0-8004-0947-0,Still mention sell,Amy Ward,1917
1898639894058,978-0-17-233928-3,Whose election baby Mr,Stephen Jackson,1916
4023193500016,978-1-56000-854-5,Yes those team then,Tracy Flowers,1942
2892085035422,978-0-01-228493-3,Friend fish eight,Heather Martinez,1959
1727872716530,978-1-72287-051-5,So finally according,Elizabeth Martin,1996
0644189973788,978-0-684-98987-7,Enjoy himself next,Kayla Gonzalez,1927
7960661266593,978-0-14-983132-1,Church answer property,Eddie Bentley,1927
2898692501152,978-0-476-16074-3,One without agreement,Amanda Wright,1906
3232767845182,978-0-7568-1617-9,Win benefit need though,John Cobb,1907
5472190115751,978-0-621-82147-5,Plant turn size big,Holly Burch,1947
4505183384771,978-1-4890-6555-1,Address service young,Laurie Miller,1952
9105899304138,978-1-67470-288-9,Scene measure song,Laura Lee,2016
1298549554019,978-1-230-31321-4,Rise close media carry,Shannon Moore,1939
5272789921950,978-1-58634-255-5,Build personal machine,Richard Cordova,1935
9958425076388,978-1-341-81192-0,Only fine positive,Melanie Foster,2008
5165347660623,978-0-456-99308-8,Wish kid president,Matthew Jefferson,1948
4922928897752,978-0-564-54532-2,Far detail go song,Leslie Hayes,1908
9227868263441,978-0-7907-8469-4,Police surface set,Alexander May,2014
0564492265083,978-0-351-56578-6,Seem on step person,Rachel Nelson,2004
7677402203310,978-0-7069-9820-7,Term method bank cup,Bryan Bean,2020
5803512160669,978-1-5288-2141-4,Near manage exactly,Marissa Humphrey,1939
1180979147841,978-0-9728866-5-9,Look still guess fish,Lacey King,1998
0542415422270,978-1-5474-4908-8,Set hope like finally,Nicole Davis MD,1942
7233541073193,978-1-899355-51-8,Green age leader,Charles Brown,1994
8383798917623,978-0-7180-9908-4,Sort act vote season,Ashley Hernandez,1925
7859304611121,978-1-57049-417-8,Good rest seat work,Dana Salazar,1908
3389927346642,978-0-930879-16-7,Wait contain it course,Samantha Thomas,1939
2770284163361,978-1-299-99946-6,Hair site wish art,Larry Miller,2002
9835724525420,978-1-4445-2673-8,Effect friend little,Debra Meyer,1980
1436786892178,978-1-965301-01-2,Few federal effort hard,Barbara Clark,1950
2797452193890,978-0-562-66536-7,Sit might way,Melissa Dennis,1981
9780169575731,978-0-19-603060-9,Once course city civil,Alexandra Rivas,2023
8366469826677,978-0-03-246934-1,Box case notice nature,Nathan Bond,1974
5887183992682,978-0-00-797621-8,Green since accept care,Jeffrey Butler,1933
0050137158471,978-1-892298-67-6,Allow later seek,Chad Warner,2019
3946049572146,978-0-515-37431-5,New bring night,Jeremy Everett,2013
0982087812878,978-1-127-00059-3,Miss leave expect,Michael Campos,2020
1858990421942,978-0-14-983378-3,Hard speak until,Noah Roberts,1918
4776151050732,978-0-692-77096-2,Often reduce loss kind,Nathan Washington,1906
7517110236401,978-0-659-02227-1,Any pass full down,Christopher Gardner,1967
3092936330556,978-0-88141-842-2,Impact and fine until,Henry Carrillo,1993
9875137331546,978-0-330-93759-7,Foreign many effort,Brian Dean,1948
9106298329678,978-1-330-22582-0,Money finally establish,Lauren Montgomery,1942
3350236930242,978-0-626-09641-0,Ahead draw pass,Tamara Sloan,1964
4591309643976,978-0-495-49990-9,Industry teach culture,James Castillo,1904
0078276638579,978-1-81059-716-4,Road behavior eat,Joshua Carroll,1912
8139557671165,978-1-993568-96-8,Air no southern,Brenda Benson,1920
1820262465633,978-1-213-15985-3,Fund wind national,Cameron Ellison,1917
1598035611975,978-1-06-538233-1,Focus drop suffer,Timothy White,1990
0387938741596,978-0-623-39356-7,Feel at ok,Adam Barnes,2023
2696624294369,978-1-270-44415-2,Card nice work,Jacqueline Short,2002
9290161596448,978-0-7246-2120-0,Son exactly mission,Antonio Moore,1970
0626870079191,978-1-5077-0456-1,Above court military,Paula Cisneros,1966
6937783888898,978-1-64250-299-2,What address road,Nichole Sims,2015
2776464241683,978-0-412-77712-7,Box day difficult,Dawn Henderson,1921
8202273112851,978-1-261-45620-1,Fall shake join ground,Anne Weaver,1941
3586616356108,978-0-399-60554-3,Your half across chair,Christopher Jarvis Jr.,1979
2128639782642,978-1-4435-2809-2,No manage local other,Stuart Leach,2020
6887284308091,978-0-02-825648-1,This edge can floor,Anthony Figueroa,1902
6509851954196,978-1-274-56423-8,Project read across,Cassandra Taylor,1950
3437999423836,978-0-242-69386-4,Beat message bit skin,Tyler Roberts,1989
1490641272642,978-1-997003-67-0,Bar serious once price,Andrea Diaz,1985
0727833386735,978-0-8198-1379-4,Build bar seem back,Kathryn Alvarez,2006
0889094289863,978-1-5460-4979-1,By know view,Joshua Bailey,1912
2277426990385,978-1-7334683-7-4,Heavy military stay,William Knapp,1915
4780952860964,978-1-313-18817-3,Attention eat learn air,Melvin Wood,1961
6488337844834,978-1-252-38221-2,Single resource mouth,Paula Yates,1900
0445546222460,978-1-09-150504-9,Miss because cause walk,Michelle Rodgers,1913
3857781052905,978-0-12-575205-3,Moment beat before door,Matthew Wilkins,1901
2388560073039,978-1-989757-46-8,End want history face,Danny Armstrong,1964
0482345566234,978-1-4755-4427-5,News table them popular,Elizabeth Garrett,1915
4817765053983,978-0-931510-51-9,Material other whom,Melissa Thomas,1988
1131599893755,978-1-74204-421-7,Never arrive trial own,Brent Price,1916
7780248796714,978-1-78075-347-8,Pattern scene church,Albert Stewart,1987
3896664823317,978-1-06-668125-9,Half ready fear whole,Daniel Gibson,2007
6814082673458,978-0-232-21110-8,White order be without,Julian Griffin,1976
7782720222131,978-1-187-39100-6,Cold during stock,Andrew Huerta,1969
1101024348877,978-0-87362-417-6,Act drive two suffer,Katie Smith,1987
8832678706616,978-1-217-61498-3,Trip smile often number,Brandon Zamora PhD,1901
9045096156041,978-1-00-683648-0,Resource for certainly,Rebecca Jones,2008
6126323299854,978-0-7911-9668-7,Realize since see her,Robert Tucker,2012
2341699550451,978-0-18-980175-9,Stop offer speech than,Michael Mccarthy,2001
3179591523384,978-0-206-93642-6,Why loss pattern,Andrew Ward DDS,2006
2985900274189,978-1-924747-44-8,Add new year,Emily Lawson,1940
8226044925617,978-1-85095-201-5,After another cut would,James Conner,1946
5941151776985,978-1-898273-32-5,Image local up,Gabriel Black,1989
8763713098086,978-1-81740-349-9,Economy floor pattern,Jeffrey Johnson,1936
8417826526225,978-1-989853-76-4,Put give general seek,David Perez,1990
0731825463915,978-1-4784-7894-2,About magazine hope,Grant Horton,1970
8646924555046,978-0-9682128-2-0,Who west then answer,Crystal Hudson,1955
9783897626362,978-0-538-36331-0,Chance rest day idea,Kara Powers,1970
9773116782696,978-0-7933-2412-5,Think better then ten,Michael Johnson,1904
5539590708201,978-1-63721-127-4,Yeah per case keep,Xavier Craig,1904
2541354443214,978-1-77417-934-5,Involve fact real,Crystal Smith,2014
1907555059769,978-1-4847-9825-6,Task wind quite entire,Desiree Hanson,1979
6403575191038,978-1-65995-465-4,Set southern third drug,Erin Crane,2023
8097130697400,978-0-10-655667-0,News her husband land,Richard Cox,1923
2538910358242,978-0-01-549403-2,Here glass never age,Monica Horton,2000
7603512881292,978-1-317-78553-8,Fish choose partner,Nathan Beard,1947
7150785996364,978-1-922527-33-2,Total bank clearly same,Michelle Bell,1979
5259506199397,978-0-552-38260-1,Night fall job,Aaron Hill,1988
5737215561839,978-0-9687555-8-7,Note reach happen,Scott Chambers,1975
3579007922457,978-1-77647-538-4,End run newspaper race,Amy Mora,1905
6330310598763,978-1-129-98245-3,Back drug culture,Samantha Skinner,1923
1958977580959,978-0-554-67564-0,Act hand start likely,Michael Collins,1998
3568496189762,978-1-4420-6606-9,Citizen her sure,James Simon,1902
0282190396068,978-1-182-23413-1,Billion report what ask,Shelby Williams,1954
9031089720931,978-1-389-44965-9,Grow size girl,Mandy Stephens,1974
8736379398371,978-0-311-84590-3,Wrong reality step,David Johnson,1942
4385866229359,978-1-69574-093-8,Way follow high,Stephanie Wallace,1913
1350611061174,978-1-7351900-5-1,First involve do,Christina Gallagher,1997
9275405685577,978-1-56342-884-5,Road former foot our,Brandon Adams,2023
3399984148042,978-0-9872548-1-8,Bed kid reach career,Stephanie Bailey,2018
4780024548578,978-0-05-513113-3,And not appear career,Michael Church,1979
7457719661504,978-1-66035-450-4,She old yet near become,Julie Anderson MD,1968
3979289466807,978-0-547-10342-6,Admit sign case argue,Lindsey Tucker,1941
0444992386887,978-0-409-37436-0,Material sell rock,Mary Adkins,1951
3692433209463,978-0-06-755533-0,Network act herself,Patricia Diaz,2020
4732559377024,978-0-7821-5329-3,Poor claim suddenly,Stephanie Hoffman,1956
1171209211005,978-0-322-24807-6,Safe buy up then,Cynthia Burns,1935
7324297645014,978-1-60458-031-0,Miss card to war make,Aaron Hunter,1910
4160888862179,978-1-76752-414-5,There share energy,Elijah Robinson,1902
7092894795219,978-1-4578-6835-1,Budget show until color,Catherine Murphy,1956
9048005797199,978-0-7327-5191-3,Seem example lay charge,Mr. Michael Robinson,1945
8734204937832,978-1-59491-013-5,Program agency toward,Jordan Brown,1928
8056776483525,978-0-243-76027-5,Concern door everything,Anthony Warren,1999
4001022135516,978-1-75512-933-8,Player little personal,Scott Cole,1914
5827183218221,978-1-966962-34-2,Behind break none until,Anthony Johnson,1926
0693896380150,978-1-969465-49-9,Whatever say shake trip,Mr. Tom Burke,1909
7530429847496,978-0-446-99526-9,Six detail order serve,Christopher Patrick,1957
2510334283867,978-0-679-67959-2,Design oil eye space,Edward Weber,1965
1455902538493,978-1-76541-759-3,Carry our wish,Joshua Rojas,1974
8573986342669,978-1-5094-9804-8,Purpose maybe ok low,Jack Martin,2009
2778892818734,978-1-67626-453-8,Our service scene open,William Brock,2022
7068418104256,978-0-7961-0516-5,Sing respond dark,Julian Wheeler,1906
8697864238384,978-0-374-24526-9,Degree stage expect,Amy Houston,1912
0336071269016,978-1-333-84495-0,Must miss level,Joshua Robinson,1925
9360539513442,978-1-57231-998-1,Consumer both they Mrs,Stephen Allen,1952
2967465394007,978-1-07-899888-8,Put sit red resource,Kenneth Castillo,1949
5725018204084,978-1-395-16317-4,Woman green people lose,Evelyn Powell,1981
9528064188829,978-1-152-87073-4,Marriage bed find,Crystal Lewis,1979
8906384612704,978-0-8433-9359-0,Personal data subject,Jeffrey Thompson,1999
0507747304786,978-1-911783-60-2,Very despite majority,Joann Johnson,1979
1484936736063,978-0-321-44521-6,Best night spend,Richard Haas,1979
8985902836358,978-0-278-87004-8,Create people choose,Edward Bennett,1984
7301705632606,978-0-360-65315-3,History let democratic,Abigail Fisher,1942
6572072498565,978-0-9795941-2-0,Dark a evening western,Heidi Flores,2018
8029187465992,978-1-58559-045-2,Decide address long,William Wood,1978
4885578672110,978-0-203-86309-1,Stay fast however,Brittney Wood,1974
5488880720129,978-1-74135-175-0,Outside another toward,Eric Peterson,1951
0134328431984,978-1-901632-93-4,Art subject though sign,Jason Reed MD,2000
4706678600783,978-1-4962-6061-1,Trial modern save act,Parker Munoz,1996
9206587221611,978-0-7865-1435-9,Be a result evening,Taylor Lindsey,1905
2614531695758,978-0-9645852-8-7,Hour hard customer,Patrick Reed,1937
4448525999137,978-0-8117-2686-3,Eight memory condition,Anthony Nguyen,2005
0234453439715,978-0-13-791957-4,Role lot by music,Xavier Davenport,1998
9312856033721,978-1-77282-050-8,Hear herself lot eye,Martha Allen,1981
5190425445816,978-0-544-92641-7,City station expert,Richard Sanchez,1951
5109197376112,978-0-7158-1676-9,Try here life chance,Katherine Moore,1977
5809033431059,978-0-323-95784-7,Well beat food change,Christine Callahan,1972
7676705810362,978-1-264-51170-9,Draw avoid college,Adam Robinson,1913
2167796510286,978-1-65625-091-9,He church long keep,Amber Becker,1920
9706147711885,978-1-08-153778-4,Quite black address,Stephanie Roberts,2004
3051155414881,978-0-403-16553-7,Mrs relate will citizen,Dalton Esparza,1914
5584108257689,978-1-874525-30-1,Reflect I above some,Samantha Jones,1909
9749820562084,978-1-932269-41-3,Key consider buy even,Oscar Martin,1966
2945626107468,978-1-4801-8245-5,Down arrive building,Julia Johnson,1948
2297424409191,978-1-4241-4552-2,Help hour including,Suzanne Brown,1994
2042349085919,978-0-548-79703-7,Help note the drive,Kelly Pitts,1935
2977065949378,978-0-566-63888-6,Data none travel,Robert Baker,1901
2295812534487,978-1-9840-1596-9,Case although turn,Susan Perkins MD,1946
5346974529716,978-1-69678-993-6,Head present none issue,Shannon Barrett,1944
5241816616282,978-1-4260-3923-2,Able change firm,Frank Martin,1925
8468898128466,978-1-00-939218-1,Member peace speak,Vincent Sellers,1954
5136131401760,978-1-262-36893-0,Much college if year,Rickey Reyes,1998
6303994007951,978-0-8362-0070-6,Loss pretty seek rather,Scott Monroe,1980
1500668186164,978-0-01-972489-0,List try everything,Latoya Sheppard,1989
6508826001330,978-0-455-85214-0,Seek edge rest state,Jason Mendoza,1917
1340668798833,978-1-146-99708-9,Adult themselves worry,Marcus Campbell,1908
7333560128413,978-1-153-19265-1,A talk thus police,Austin Berger,1969
7962035927536,978-1-70833-597-7,Cut treat three such,Melanie Thomas,1938
2336824505574,978-1-352-38259-4,Miss man for able,Nathaniel King,1928
0627016303668,978-0-420-97239-2,House million agree,Ashley Aguirre,1972
9791674415627,978-1-145-19189-1,Ball manage this region,Melissa Reilly,1997
5698575461170,978-0-03-822672-6,Case area road board,Earl Morse,1987
5833970161489,978-1-66929-339-2,Present effort third,Jonathan Gonzales,1951
4676456993218,978-1-74756-848-0,Its history visit,Sean Robertson,2018
3316918345346,978-1-71729-730-3,Agency since much,Katherine Ellis,1961
8919803657231,978-0-8028-3340-2,Carry modern game its,Kirsten Henderson,1908
5854309851789,978-1-971292-25-0,Else director assume,James Greene,1980
4418080029778,978-1-70039-715-7,Commercial store real,Craig Johnson,1986
8747520701445,978-0-545-59338-0,Bill be million,Monica Tucker,1909
0668815607717,978-1-198-47018-9,Radio set first effect,Benjamin Juarez,1925
9566070185524,978-0-497-62463-7,Begin local family,April Stone,1972
8339680844119,978-1-01-846336-0,Teach majority upon,Bethany Lopez,1996
7632278727988,978-1-70612-323-1,Medical happy town,Barbara Franco,1983
7626125494024,978-1-68247-414-3,Put decade need,Katie Lam,1978
2193246378878,978-1-884896-04-0,Movie thank business,Kristina Miranda,1910
5556548843005,978-0-402-95082-0,Low sing but wear whose,Melissa Maxwell,1901
0289878540737,978-0-291-12971-0,Weight budget oil time,Chad Vargas,1957
5752993125639,978-0-04-288595-7,Five man base very,Ryan Fitzgerald,2019
3017641858973,978-1-943983-35-3,With tree out,Karla Davis,1906
8482235225243,978-1-228-25174-0,Herself former answer,Sydney Coleman,1982
3526378711142,978-0-7138-8477-7,Science serious member,Cynthia Rhodes,1907
0305263156397,978-1-302-77698-5,Me war major guy loss,Sara Tran,1942
2733958668326,978-1-82272-615-6,Least one identify,Debra Stanton,2019
7957283160996,978-0-8432-3598-2,Game political in nor,Heidi Jones,2007
1548106103922,978-0-552-47948-6,Learn member street say,Paul Velasquez,1974
9675416506180,978-0-949343-25-3,Time we oil apply,Eileen Dawson,1973
3326662599988,978-0-591-71431-9,She else dream same,Sandra Washington,2015
5251678574941,978-0-289-19940-4,Among until soon,Andrea Stephens,1954
6570900363528,978-0-7279-4318-7,Tv available serve,Emma Copeland,1959
8050897731657,978-0-88289-652-6,Treatment him down big,Michael Young,1993
7108481964989,978-0-89679-725-3,Focus stuff blue simple,Gwendolyn Savage,1933
7340009837508,978-0-513-46453-7,Knowledge bit amount,Gregory Jones,1957
9324029982057,978-1-194-56755-5,Product pressure you,Michael Baker,1977
7050651834021,978-1-69604-834-7,Day hand production kid,Courtney Wilkerson,1944
3619892870799,978-0-212-44919-4,Record top leg wall,Christina Dunn,1903
2128889105024,978-1-872150-62-8,Little expect gun bad,Paula Phillips,1945
5276630818185,978-1-956645-04-0,Wish civil conference,Jaime Schultz,1973
4234287194930,978-0-628-09116-1,Feel happy rule leg,Lisa King,1910
5779578986201,978-1-63550-167-4,Name real occur gun,Jason Booth,1910
8146101690756,978-1-230-06048-4,Seat or recently,Jay Clark,2003
6722634688136,978-0-474-33212-8,Major former parent,Robert Smith,1927
1369276695518,978-0-927139-13-7,Scientist method on,John Miller,2000
2960146407614,978-1-77027-354-2,Sometimes that choice,Kaitlyn Wade,1954
4465074357386,978-0-369-72890-6,Its development trip,Elizabeth Parker,1965
8062592440277,978-0-574-70105-3,Rest exist wall,Matthew Larson,1962
8369740903159,978-0-425-47328-3,Sing walk food avoid,Sean Rowland,2014
1707093703502,978-1-4171-5570-5,City whole another born,James Cantrell,1963
6943830856376,978-1-364-13366-5,Suggest more soon few,Tim Cummings,2004
0849805872258,978-0-7149-4525-5,Wish break artist,Wayne Bentley,1958
8300241269320,978-1-4189-8369-7,Half relationship peace,Gary Jacobs,1922
8466076867213,978-0-230-62622-5,Own type probably which,Gary Johnson,1912
1795944936353,978-1-908709-96-7,Beat red control claim,Mrs. Megan Robertson MD,2017
7239468685211,978-0-14-119024-2,Past single role result,Matthew Rodriguez,1958
8395098607067,978-1-342-73421-1,Her operation let,Michelle Wolfe,1906
5696473871381,978-0-375-59472-4,Share daughter reflect,Heather Thompson,1958
3193581802891,978-1-79991-664-2,Race pick hair most,Destiny Baker,1907
7109755825395,978-0-452-68322-8,Front change gun couple,Sarah Bishop,1913
7509610042729,978-0-19-127622-4,Read religious morning,Tommy Martin,2006
6161903894456,978-0-255-32951-4,Street paper leave,Evan Mills,1983
7028989456512,978-0-9708351-0-9,Bring live step know,Chelsea Best,1926
8606683423055,978-1-134-56336-4,Real also style make,Jenna Malone,1961
9836829990090,978-0-7210-9773-2,Present conference too,Donna Black,1905
5440918413052,978-0-422-52324-0,Nor sing point food,Jacob Jones,1989
2351146907912,978-1-64888-492-4,Eye TV during popular,Emily Shepard,1954
1273319562197,978-0-7255-4932-9,Ahead be up cell,Ronald Davis,2018
8662258682517,978-1-392-47076-3,The thousand leg bill,Catherine Knight,1932
9845277902678,978-1-65115-342-0,Interview might safe,Pamela Lee,1932
0914869938681,978-1-02-817042-5,By task as do sign,Tricia Phillips,1956
0803337738031,978-1-60939-992-4,Sometimes entire will,Scott Murray,2010
2202025628025,978-0-08-063681-8,Plan road on agree,Jill Barron,1979
4027097371789,978-1-04-249230-5,Decision support able,Maria Fernandez,1919
1294652488555,978-0-18-805031-8,Appear energy law,Kevin Jacobson,1915
0166561810479,978-1-79360-282-4,Hot enjoy begin trip,Jason Adams,1947
7769172310999,978-0-517-90755-9,Step beautiful finish,Vincent Wolfe,1934
0249749521098,978-0-647-84738-1,Film yeah but manage,Luis Jones,1964
3411506441605,978-0-201-54396-4,Commercial thought lead,Devin Greene,1996
5750210891053,978-1-113-38778-3,Between turn ask,Christine Harris,1914
9256290053559,978-0-10-232525-6,Stop bag task talk,Nicole Sims,1975
3761116698235,978-1-72148-490-4,Message service teacher,Tamara Terry,1995
9550928065748,978-0-579-34059-2,Pm say use professor,Donald Davis,1947
5848774711143,978-1-204-78858-1,Sometimes plant gas set,Tiffany Fisher,1978
4077924120554,978-0-337-77779-0,Fear follow would study,Kimberly Cox,1906
4617176480244,978-0-407-72044-2,Strategy unit step open,Alyssa Collins,2013
7067721617392,978-0-7711-6614-3,But low grow newspaper,Deborah Pearson,1950
6857681611322,978-0-01-522883-5,Easy capital successful,Tamara Mejia,2018
4744539941194,978-0-17-383689-7,Red leader what up,Justin Jennings,1953
0515793285522,978-0-453-19168-5,Less matter some change,Michelle Murray,1985
6159616764364,978-1-04-649060-4,Safe policy spring,Tiffany Davies,1982
5998287815590,978-0-290-04101-3,Road push argue sure,Benjamin Sanchez,1955
9846943270022,978-1-315-81596-1,Fall sing must create,Luis Moran,1988
4563282271170,978-1-01-051326-1,Top growth this thus,Lauren Edwards,1941
6511867065711,978-1-4094-7262-9,Wall memory check find,Amber Fischer,1930
5185255662298,978-0-7526-7342-4,Beyond defense still,April Flores,1911
5345590032396,978-1-64229-782-9,Old house east,Bradley Duran,1904
1508678066841,978-0-303-57860-4,Cold loss season,Mary Moore,1942
7597292143988,978-0-9807565-5-5,Item specific field,Mrs. Jaclyn Branch,1997
8266621432015,978-0-09-559400-4,Water ever four later,Vicki Coleman,1981
2018403431046,978-0-85391-789-2,Cover determine one,Juan Black,1908
3062602316399,978-0-485-17063-4,Glass upon ability,Michael Lynn,1953
0460720777055,978-1-01-608911-1,Most option group card,Brandy Adkins,1982
9981315035288,978-1-348-60404-4,Well likely six,Kevin Bell,1962
4383574035811,978-1-4002-7012-5,Official have art pay,Sean Allen,1913
4489927550854,978-0-587-40170-4,Total act next skill,Sarah Lane,1992
2493861526181,978-1-08-012658-3,Pass price huge test,Allison Nguyen,1955
8825109882713,978-1-5307-9533-8,East air why our,Elizabeth Guerrero,1909
6361585048158,978-1-873606-67-4,Forget point material,Richard Carlson,1929
8222116870137,978-0-7559-6288-4,Back face nearly whose,William Green,1961
3123714102321,978-0-7427-5362-4,Show onto central,Cindy Garza,1987
9069183842006,978-0-514-24918-8,Budget water fish,Stacy Mcdonald,2018
0887040015115,978-1-4126-1787-1,Question evidence own,Rebecca Brown,2021
2617669721351,978-1-253-78891-4,After should home,Kerri Jones,1963
6686068975074,978-1-250-49743-7,Seem her able appear,Connie Schultz,1945
3274594293293,978-0-9766940-4-5,Positive old every,John Nichols,1953
6225703977679,978-1-363-80502-0,Kind join score,Terry Brooks,1989
4188562819196,978-0-461-64628-3,Fight could enter time,Jesus Edwards,1938
1128907473594,978-1-283-75566-5,Especially account case,David Lara,2004
6453865008737,978-1-4665-6920-1,On fly price,Sherry Jackson,1907
5713904692480,978-0-02-571534-9,Site nothing control,Jay Thomas,2021
7784397411979,978-0-09-301526-6,Show very majority same,Julie Jones,1905
9857044549382,978-1-4669-6314-6,Health old week rest,Kelly Hoffman,1956
0604771983076,978-1-225-21067-2,Agree despite key real,Karen Gonzalez,1981
2033378588335,978-1-07-125475-2,West budget movement,Brittany Goodwin,1966
7237934903760,978-1-85569-334-0,Fast majority two,George Owens,1972
0979278393117,978-1-4706-1242-9,Than better real ball,Samuel Peters,1972
6600474611647,978-0-242-46361-0,Century note future,Daniel Santos,1983
1246289309888,978-0-344-97875-3,Station check soon,Amanda Finley,1987
4205335394497,978-1-08-299416-6,Live state determine,Steven Edwards,1962
0115628443471,978-1-950226-94-8,Reality see why better,Keith Berg,2012
6716969425283,978-0-264-95400-4,Year use trouble,Kevin Johnson,1929
9302491552381,978-0-15-691731-5,First my range four pay,Steven Flores,1914
1617813212613,978-1-905721-24-5,Like month suddenly,Matthew Murray,1945
3243737205769,978-0-01-285668-0,Everyone now lot on,Rebecca Savage,1960
2227886420205,978-0-575-59106-6,Spend body all oil find,Kelly Kaiser DVM,1958
3450693957216,978-1-65331-604-5,Cost serious official,Jeffrey Brown,1951
9244139802826,978-1-4221-6767-0,Purpose many rate,Rickey Shelton,1960
0473819491626,978-1-151-42341-2,Line wear financial,Rebecca Strong,1926
9118615959628,978-1-4074-5012-4,Moment act cut loss,Danielle Zamora,1929
5524689366349,978-1-932009-73-6,Wide many force report,Chase Villanueva,2022
6892005272353,978-1-332-85542-1,Above in fine,Brooke Holmes,1986
4520313515115,978-0-7766-8420-8,Southern treatment may,David Smith,2021
6072845890393,978-0-03-013039-7,Nor stuff by magazine,Andrea Elliott,1914
1282911656906,978-1-144-81345-9,Cut word campaign,Brenda Gonzalez,2021
0677895073077,978-0-13-951287-2,Rate week ago car sure,Amanda Smith,1900
2772028576833,978-0-578-27371-6,Either better tax base,Leonard Simon,2018
5624122405229,978-0-423-50741-6,Crime reason good guy,Pamela Holder,1933
1313255175713,978-1-362-76058-0,Well accept street more,Patricia Russo,1937
8640687118432,978-0-290-45503-2,Rate true chance,Sara Camacho,1942
3101314079427,978-1-57743-047-6,Step hold end model,Sarah Perkins,2018
9975009804212,978-0-556-02671-6,Day quickly include up,Kelsey Parker,1957
5349041601186,978-0-655-07481-6,Forget center candidate,Phillip Powell,1955
9626295859300,978-1-09-217137-3,Part happen choose deep,Julie Montes,1986
2824347572390,978-0-629-98625-1,Serve enjoy chair nor,Leslie Moses,1981
4472261527231,978-0-14-220163-3,Begin list then form,Joseph King,1912
2056793257259,978-0-417-08090-1,Economic wall as throw,Mrs. Sheila Brown,2021
4924810863807,978-1-157-41002-7,Majority free this well,Alexa Dudley,1982
6084517190366,978-0-00-857994-4,Relate term population,Amy Chavez,2018
6556981248817,978-1-08-467695-4,Face car every property,Michael Bennett,2013
1770611195295,978-0-412-62559-6,Threat push health gas,Tiffany Lewis,1999
9698562360024,978-1-08-896121-6,Father over thing,Joseph Watts,1963
6158225789065,978-1-74179-150-1,End bill heart worry,Heather Knapp,2021
9500412658291,978-0-9727281-4-0,Another capital success,Katie Jordan,1992
3061230554555,978-1-259-07028-0,Growth green family son,Vanessa Lester,1976
6511408196140,978-1-82629-873-4,Food discuss risk as,Anna Davis,1992
1477158421145,978-1-67982-064-9,Cold will save,Kyle Moore,1924
2743987206017,978-0-9769089-3-7,Minute federal four,Carol Smith,1986
6841200170339,978-0-382-99822-5,First hair protect free,Brian Johnston,1982
4126442337255,978-0-695-80209-7,Name lead call same,Mr. Steven Livingston,2004
2537756529403,978-1-71298-849-7,Old effect film simple,Malik Tate,1900
6254584555201,978-0-596-02324-9,Enough that report,Shelly Johnson,1948
0860761113957,978-1-5367-8594-4,Important may window,Kristine Wood,2023
0945931012459,978-1-162-93768-7,Mr address company,Paul Huerta,2021
4607143836167,978-0-7668-4215-1,Could five last blood,Ashley Mendoza,1955
5507036240714,978-0-01-321993-4,Soon they enter he gas,Kevin Sanford,2001
0739930707023,978-1-55989-750-1,Focus case may would,Brittany Page,1943
9319532086057,978-1-4652-4280-8,Of my save rule,Theresa Clark,2007
1483909053077,978-0-923697-26-6,Health trip vote player,Michelle Hendricks,1995
1907358833993,978-1-205-70888-5,Democratic bag thank,Veronica Perez,1910
5201084781877,978-0-11-084038-3,Suffer green new always,Matthew Lewis,2017
9424654296588,978-0-479-63343-5,Activity know time firm,Matthew Franklin,1973
1882019732122,978-1-208-86462-5,Agree discuss enjoy,Dean Stein,1964
8575202061750,978-0-05-764257-6,Let how TV vote prepare,Tina Watson,1999
2271749724665,978-0-241-96157-5,Yet someone modern rate,Brett Pitts,1990
5837071949342,978-0-08-291271-2,Wind occur then hear,Christopher Jackson,2023
3997227671496,978-0-424-46053-6,Eye leg player scene,Elizabeth Wells,1954
4650340230474,978-0-03-473740-0,He Democrat item a,Valerie Sweeney,2006
4001772418174,978-0-561-86611-6,Good together knowledge,Annette Thompson,1972
2730778429441,978-0-02-211183-0,Policy though apply,David Collins,2015
8691273207122,978-1-5188-3532-2,Tough source suffer,Crystal Ochoa,1912
8125212621378,978-1-06-444260-9,Friend pass go meet,Jimmy Lynch,1903
9931940277751,978-1-62218-919-9,Hard later debate,Mark Mckee,1939
0543273396499,978-1-68149-963-5,Action main smile,Stephanie Moore,1997
9650517934353,978-0-525-03286-1,Who there floor story,Mr. Matthew Montes,1921
6090539867094,978-1-5368-8201-8,Unit finish wife,Rebecca Torres,1986
2260380732818,978-1-4995-8375-5,Her task still reveal,George Shaffer,1999
0712598087713,978-1-349-90131-9,Him leave money concern,Jennifer Macias,1924
2173832308939,978-1-59330-364-8,Contain dog vote,Jenny Robles,2017
7432178478597,978-0-638-14363-8,Offer police even,April Wu,1969
6867565754472,978-1-254-82983-8,Red much build during,Eric Sosa,1904
2668566856042,978-0-908345-80-9,Under thought last,Drew Dennis,1946
1941718541814,978-0-7308-9628-9,Out recently leave,Antonio Washington,2001
8805098574257,978-1-4922-9851-9,Left animal wall,Mike Orozco,1943
7136867189589,978-0-325-77976-8,Carry while kid use PM,Sabrina Mcneil,2008
1842371910682,978-0-316-20961-8,Term need ten,Kathryn Green,1955
0697559010040,978-0-503-28670-5,Resource cut official,Gilbert Cisneros,1911
9441380417650,978-1-72649-566-0,Office north learn,Karl Tyler,2016
9987485466235,978-0-633-47580-2,Whole drug rich human,Sarah Juarez,1908
8018540226585,978-0-500-02656-4,Business president name,Miguel Levine,1969
0751692786658,978-0-329-46414-1,Part employee wrong can,Robert Rivera,2022
5896933272776,978-0-7583-3885-3,Under safe number hit,Patricia Martinez,1919
3166950220039,978-1-77269-937-1,Herself great improve,Barbara Johnson,1900
5466905872558,978-0-88572-911-1,Both guy just lay,Jessica Bentley,1996
0824691315522,978-0-575-80205-6,Down contain light,Dennis Rodriguez,1927
5786567206875,978-0-283-56382-9,Rather physical compare,Robert Blankenship,1950
3400029854474,978-1-77216-593-7,Why beautiful wish,Mrs. Alexis Hernandez,1970
7197393092934,978-0-603-05175-3,Family statement goal,Kaitlyn Waller,1914
8250745551806,978-1-175-13217-8,Serve price now energy,Edward Garza,2016
9174310546525,978-0-01-440693-7,Black real woman no,Patricia Campbell,1967
3007766061846,978-1-399-91281-5,Near may week central,Craig Williams,2015
2877044932400,978-0-04-500306-8,Major across voice else,Joseph Meyer,1918
0238920841155,978-1-68910-100-4,Capital yes fire tough,Amanda Sanchez,1919
6795723320903,978-1-329-11645-0,Win game bill writer,Michelle Cook,1921
1511510691217,978-0-359-26300-4,Recent money where none,Derek Barrett,1967
9526641977224,978-0-652-84128-2,Stay consider take pull,Erika Moore,1951
7909385570333,978-1-80606-345-1,Democratic all laugh,Mr. Jason Dixon,2009
7046464419388,978-1-178-84942-4,Anyone ten your,Edward Rodriguez,1904
8754862385851,978-1-57518-142-4,Girl suffer of away,Chelsea Hoffman,1972
1984384567429,978-1-222-89081-5,Consider dark cold far,Joshua Kelly,2016
7705626189308,978-1-09-521413-8,Begin quite son,Derek Roberts,2009
8335743988677,978-0-518-79076-1,Myself order why too,Julie Thornton,1995
8188718414097,978-1-969322-55-6,Daughter adult citizen,Gina Hodges,1937
1517718335052,978-1-165-16832-3,Heart save meet laugh,Beth Frazier,1980
7706789532574,978-1-62427-282-0,Figure take special,Darlene Weaver,1951
3496376270685,978-0-13-562565-1,Whose against our,Cathy Smith,1942
2626971794427,978-1-4760-9656-8,Name risk door edge,Mr. Justin Olsen MD,1911
3901279293681,978-0-655-24632-9,Yard on page good,Johnny Stevenson,1940
8167967476025,978-1-77813-799-0,People yes board radio,Mathew Thornton,1923
9430993286210,978-1-83054-511-4,Myself few stage,Kimberly White,1938
6155225662633,978-0-907070-29-0,Plant job two seem best,Sarah Franklin,1934
5968181730046,978-0-06-611193-3,Paper dog dream,John Stanley,1991
7478568114188,978-1-145-11223-0,Guy table year enjoy,Tyler Wade,2017
1283672653401,978-0-573-83546-9,Western officer receive,Ashlee Curry,1902
7164592686448,978-1-370-90721-2,Sea hope field much old,Kim Wallace,1905
2173612223841,978-0-9930682-9-4,Catch explain hot need,Mary Hamilton,1956
3290432503607,978-1-07-261220-9,See early seat,Sean Love,1969
0090111889113,978-1-56373-250-8,Soldier example ask,Jesse Carrillo,1988
9719998865522,978-1-4544-2182-5,Become may tonight guy,Morgan Drake,2020
2904879833135,978-0-404-91510-0,As stage author,Scott Suarez,1987
9592324716268,978-0-16-129985-7,Another guy believe us,Brandy Odonnell,1962
7357613303190,978-1-75133-295-4,Many cold after grow,Nancy Rogers,1968
1290405503018,978-0-323-03386-2,Alone test improve tell,Nicole Scott,1964
3502461709777,978-0-8099-3017-3,Degree in grow try,Austin Martinez,1985
9719444201997,978-0-506-48017-9,Director focus cause,Mrs. Tiffany Gould,1930
4106008956748,978-0-678-69304-9,Loss west young test,Walter Anderson,1964
9906579237490,978-1-989756-98-0,Force bit dark few,Nicole Sutton,1918
8637653005018,978-0-85042-765-3,Street pick tend let,Roy Martin,1910
6103847236213,978-0-600-40691-4,Crime father bad grow,David Baldwin,2022
8134635283698,978-1-992454-05-7,Deep name health member,Jean Richardson,2002
7712302093323,978-1-177-13594-8,Grow on because first,Ana Davis,1915
5229715416417,978-0-16-676005-5,Pm understand wide live,Steve James,1955
9771950028628,978-0-9986015-5-7,Fill pretty success ten,Teresa Arias,1991
7018036931819,978-0-15-047793-8,Road including to group,Christina Vaughn,1911
6021843456254,978-1-951262-59-4,Expert spring part can,Darlene Schroeder,1958
5915679455073,978-0-7299-2338-5,Remember born know,Stephen Townsend,1900
3816910405326,978-1-169-34614-7,Only late image picture,Mark Newton,1932
3374983894855,978-1-9749-8032-1,National computer loss,Dr. Sarah Collins,1913
8857933623804,978-0-11-073171-1,Key write often,Joshua Randall,2011
4855829465365,978-0-488-22431-0,I build its carry,Brittany Evans,1966
2407868251083,978-0-8491-2107-4,Question tree site go,Melissa Callahan,1971
3715751900086,978-0-8231-0905-0,Wide under could church,Joshua Edwards,1954
3755176730950,978-0-398-99436-5,Beautiful a short once,Jessica Mcdonald,1947
6711709324970,978-0-581-34415-1,Ok city require reach,Scott Bowen,1938
4418724693792,978-0-930153-19-9,Factor buy individual,Mary Santana,2002
8527143308630,978-1-57000-401-8,Whose role which pay,Desiree Carlson,1986
0889062536845,978-1-5063-0984-2,Buy ok as,Justin Jones,1903
5455628171352,978-0-7035-9741-0,Fine kind hold present,Jesus Garner,1959
4952815147325,978-1-5098-8787-3,Body white will,Stephanie Beasley,1946
9929425632096,978-0-205-02516-9,Most degree discuss,Peggy Henderson,2023
9876913047026,978-1-64797-835-8,Blood agree site action,Bryan Clark,1940
6283013194933,978-0-08-245335-2,Rest owner product,Molly Newton,1982
7608210327820,978-0-439-57626-0,Answer heart about,Debra Bray,2005
1476809102617,978-1-342-60382-1,Arrive play view floor,Marc Mitchell,1906
0945926170928,978-1-69291-100-3,Better later son fill,Nicole Banks,2017
4441443391342,978-1-899166-91-6,Their approach notice,Brian Scott,2021
4936767975373,978-0-570-88416-3,Big measure join,Michelle Taylor,1977
6388067972671,978-1-9775-6531-0,Large push six,Robert Powers,2007
0749113315648,978-1-64726-253-2,There later very base,Louis Martinez,1978
0615600261449,978-0-7497-3264-6,Travel news main,Amy Turner,1935
7544017874566,978-1-55651-827-0,Deep tax pressure hit,Isaac Lopez,1939
1907959998459,978-1-264-62842-1,Show light garden,Philip Wong,1986
5419772467723,978-0-498-32255-6,Easy tax wife same then,Scott Wood,1963
8874850332305,978-0-00-872339-2,Wish hear expect fund,Anna Morales,1942
1058362016626,978-0-244-81929-3,By recently impact,Steven Rogers,1910
0667217577512,978-1-260-41131-7,Oil value better,Hannah Moses,1923
3161400766747,978-0-905701-91-2,Hope PM up,Valerie Rivera,1914
3153898574843,978-0-86994-726-5,Chair dream red,Michael Melendez,1939
6405093538517,978-0-87347-089-6,What color western art,Krista Mack,1904
6295374822059,978-1-302-32596-1,May play fall necessary,Brandon Montoya,1957
8076265550255,978-1-331-20479-4,Candidate ten prevent,Johnathan Williams,1937
8653004562788,978-0-89648-656-0,Free spend TV improve,Marc Ray,1932
6961974427122,978-0-7188-2381-8,Sell full teach man,Robert Mcdaniel,1999
1102354495323,978-0-645-62079-5,Remember year subject,Martha Ellis,1901
9208038689124,978-1-287-31698-5,Wind country space can,Shelly Velasquez,1962
2742948095288,978-1-4440-1676-5,Answer learn house,Jon Sullivan,2022
7069086309097,978-1-247-49789-1,Eight will stock,Andre Andrade,2021
0379886949568,978-1-4907-2311-2,Skin open keep have,Robert Johnson,1908
6800814625895,978-0-352-15321-0,Accept fact part one,Kyle Bennett,1925
5319427327689,978-0-446-64754-0,Mr size may factor,Angela Hayes,1957
1916019441668,978-0-396-45957-6,Dream happen they,Amber Conley,2023
